,Job,Create,Start
0,a01,2023-10-15 05:01:01,2023-10-15 05:01:01
1,a02,2023-10-15 05:27:34,2023-10-15 05:27:46
2,a03,2023-10-15 05:22:42,2023-10-15 05:27:19
3,a04,2023-10-15 05:05:56,2023-10-15 05:06:22
4,a05,2023-10-15 05:17:13,2023-10-15 05:22:02
5,b01,2023-10-15 05:32:59,2023-10-15 05:32:59
6,b02,2023-10-15 05:33:37,2023-10-15 05:33:37
7,b03,2023-10-15 05:01:59,2023-10-15 05:01:59
8,b04,2023-10-15 05:38:17,2023-10-15 05:38:19
9,b05,2023-10-15 05:33:49,2023-10-15 05:38:02
10,c01,2023-10-15 05:11:23,2023-10-15 05:11:23
11,c02,2023-10-15 05:00:08,2023-10-15 05:00:08
12,c03,2023-10-15 05:28:09,2023-10-15 05:32:36
13,c04,2023-10-15 05:33:18,2023-10-15 05:33:19
14,c05,2023-10-15 05:38:34,2023-10-15 05:38:39
15,d01,2023-10-15 05:22:17,2023-10-15 05:22:19
16,d02,2023-10-15 05:06:34,2023-10-15 05:11:01
17,d03,2023-10-15 05:16:56,2023-10-15 05:16:58
18,d04,2023-10-15 05:03:05,2023-10-15 05:05:36
19,d05,2023-10-15 05:11:36,2023-10-15 05:16:32
